"Datum";"Uhrzeit";"Format";"Ordner";"Thema";"Säule";"Text";"Alt-Text";"Story"
"2026-10-13";"12:00";"Reel";"2026-10-13";"Der teuerste Satz im Studio: „Ich meld mich, wenn ich das Geld zusammen hab.“";"Studio-Alltag";"„Ich meld mich, wenn ich das Geld zusammen hab.“ 💸

Kennst du. Der Entwurf ist fertig, die Begeisterung riesig, und dann: Funkstille. Nicht, weil das Tattoo nicht mehr gewollt ist. Sondern weil 1.800 € auf einen Schlag eine Ansage sind.

Mit Tattoofin schickst du genau in diesem Moment einen Zahlungslink. Dein Kunde zahlt per Karte, Apple Pay oder Klarna, je nach Freigabe auch in Raten.* Du bekommst dein Geld, der Termin steht.

Wie oft hörst du diesen Satz im Monat? Schreib's in die Kommentare. 👇

Alles Weitere auf tattoofin.de (Link in Bio).

*Ratenzahlung über externe Anbieter wie Klarna, nach deren Prüfung. Tattoofin ist kein Kreditgeber. Achtung! Kreditaufnahme kostet Geld.

#tattoostudio #tattoobusiness #tätowierer #tattooartist #tattoofin";"Animiertes Video: Ein Kunde schreibt im Chat „Ich meld mich, wenn ich das Geld zusammen hab“, der Termin wird nie gebucht. Danach schickt das Studio einen Zahlungslink, der Kunde wählt Klarna und zahlt.";""
"2026-10-14";"18:00";"Slider";"2026-10-14_abend";"Was kostet dich ein No-Show wirklich? Rechnung in 7 Folien plus Muster-Anzahlungsbedingungen als Lead-Magnet";"Studio-Mathe";"Ein No-Show kostet dich mehr als den einen Termin. 🪑

Wisch durch und rechne mit deinen eigenen Zahlen: Stundensatz mal Termindauer. Dazu die Stunden für Entwurf, Nachrichten und Stencil, die vorher schon reingeflossen sind.

Bei zwei Ausfällen im Monat kommen schnell fünfstellige Beträge im Jahr zusammen. Für leere Stühle.

Eine Anzahlung hilft. Aber nur, wenn die Regeln vorher klar sind und dein Kunde sie bestätigt hat. Sonst gibt es Diskussionen statt Geld.

👉 Kommentiere „ANZAHLUNG“ und wir schicken dir unsere Muster-Anzahlungsbedingungen per DM. Kostenlos, zum Anpassen für dein Studio.

#tattoostudio #noshow #anzahlung #tattoobusiness #tattoofin";"Karussell in Gelb und Dunkelblau: Ein Termin von 4 Stunden à 130 € sind 520 €, dazu 2 bis 3 Stunden Vorarbeit. Zwei No-Shows im Monat ergeben 12.480 € im Jahr. Lösung: Anzahlung per Link mit bestätigten Bedingungen.";"Umfrage-Story „Wie viele No-Shows hattest du diesen Monat?“ (story.jpg)"
"2026-10-15";"12:00";"Reel";"2026-10-15";"Ungeschnittene Demo: Zahlungslink in unter 10 Sekunden";"Produkt in Aktion";"Stoppuhr an, kein Schnitt: So schnell ist ein Zahlungslink raus. ⏱️

Betrag, Name, Projekt. Link erstellen, per WhatsApp schicken, fertig. Dein Kunde zahlt, wie es für ihn passt: Karte, Apple Pay, Google Pay oder Klarna. Das Geld landet automatisch auf deinem Konto.

Keine Kontonummer abtippen, kein „Hast du schon überwiesen?“, kein Zettelchaos.

Im Beispiel: Rückenstück für 1.500 €, bei dir kommen 1.350 € an. In den 10 % steckt alles: Zahlungsgebühren, Klarna, Umsatzsteuer, Einrichtung und Betreuung. Keine Grundgebühr, monatlich kündbar.

Schick das der Person, die bei euch im Studio die Zahlungen macht. 😉

Alle Infos: Link in Bio.

#tattoostudio #tattoobusiness #studioalltag #tattooartist #tattoofin";"Bildschirmaufnahme im Comic-Stil: Im Portal werden Betrag 1.500 €, Kundin Lena und Projekt Rückenstück eingetragen, eine Stoppuhr läuft. Der Link geht per WhatsApp raus, die Kundin zahlt, 1.350 € gehen an das Studio.";""
"2026-10-16";"18:00";"Slider";"2026-10-16_abend";"Ratenzahlung im Studio: 5 Dinge, die du wissen musst (Klartext, Recht ab 20.11.2026)";"Klartext";"Ratenzahlung im Studio klingt nach Bank, Papierkram und Risiko. Ist es nicht. 🏦❌

Die 5 wichtigsten Punkte, bevor du Raten anbietest:

1. Du vergibst keinen Kredit. Der Vertrag läuft zwischen deinem Kunden und dem Anbieter, zum Beispiel Klarna.
2. Nach der Freigabe trägt der Anbieter das Ausfallrisiko.
3. Ob Raten möglich sind, entscheidet allein der Anbieter. Versprich also nichts.
4. Ab dem 20.11.2026 braucht Werbung für Raten den Hinweis „Achtung! Kreditaufnahme kostet Geld.“
5. Aufpreise für Kartenzahlung oder Ratenkauf sind tabu.

Speicher dir das, bevor du deinen nächsten Flyer druckst. 📌

Wir richten dir alles komplett ein, inklusive Aufkleber, Flyer und Texten, die rechtlich passen. Link in Bio.

*Ratenzahlung über externe Anbieter wie Klarna, nach deren Prüfung. Tattoofin ist kein Kreditgeber. Achtung! Kreditaufnahme kostet Geld.

#tattoostudio #ratenzahlung #klarna #tattoobusiness #tattoofin";"Karussell: Fünf nummerierte Folien zur Ratenzahlung im Tattoo-Studio. Du vergibst keinen Kredit, der Anbieter trägt das Ausfallrisiko, du versprichst nichts, ab 20.11.2026 gilt der Warnhinweis „Achtung! Kreditaufnahme kostet Geld.“, kein Aufpreis.";"Story „Mythos oder Fakt?“ zum Ausfallrisiko (story.jpg)"
"2026-10-17";"12:00";"Reel";"2026-10-17";"POV: Kunde fragt „Geht das auch in Raten?“ – früher vs. heute";"Studio-Alltag";"POV: Nach dem Entwurf kommt die Frage: „Geht das auch in Raten?“ 🙏

Früher: Herumdrucksen. PayPal Freunde? Bar in drei Teilen? Unangenehm für beide Seiten, und am Ende oft gar kein Termin.

Heute: „Klar, schick ich dir als Link.“ Dein Kunde wählt beim Bezahlen selbst, ob er sofort zahlt oder, je nach Freigabe durch den Anbieter, in Raten.* Du bekommst den Betrag, die Raten laufen zwischen Kunde und Anbieter. Du musst nichts versprechen und trägst kein Ausfallrisiko.

Ehrlich: Wie hast du das bisher gelöst? 👇

Link in Bio.

*Ratenzahlung über externe Anbieter wie Klarna, nach deren Prüfung. Tattoofin ist kein Kreditgeber. Achtung! Kreditaufnahme kostet Geld.

#tattoostudio #tattoobusiness #tätowierer #tattoolife #tattoofin";"Animiertes Video: Ein Kunde fragt im Chat, ob er in Raten zahlen kann. „Früher“: durchgestrichene Antworten wie „PayPal Freunde?“ und „Bar, in drei Teilen?“. „Heute“: Das Studio schickt einen Zahlungslink, der Kunde wählt Klarna und zahlt.";""
"2026-10-20";"12:00";"Reel";"2026-10-20";"3.000 € rein, 2.700 € bei dir: Was in den 10 % steckt";"Studio-Mathe";"3.000 € rein, 2.700 € bei dir. Und die 300 €? 🤔

Das ist unser Provisionsmodell: 10 % pro Zahlung, und darin steckt wirklich alles. Stripe-Gebühren, Klarna, Umsatzsteuer, die Einrichtung und unsere Betreuung. Kein Kleingedrucktes, keine Grundgebühr, monatlich kündbar.

Läuft es richtig gut, lohnt sich irgendwann der Kauf für einmalig 1.499 € netto. Ab wann genau, rechnen wir dir am Freitag im Karussell vor.

Speicher dir das für deine nächste Kalkulation. 📌

Link in Bio.

#tattoostudio #tattoobusiness #selbstständig #tattooartist #tattoofin";"Animiertes Video: Eine Karte mit 3.000 € teilt sich in 2.700 € auf das Studiokonto und 300 € für Tattoofin. Darunter erscheinen die enthaltenen Posten: Stripe-Gebühren, Klarna, Umsatzsteuer, Einrichtung, Betreuung.";""
"2026-10-21";"18:00";"Slider";"2026-10-21_abend";"Anzahlung über PayPal „Freunde“? 5 Gründe, damit aufzuhören";"Klartext";"Anzahlung über PayPal „Freunde und Familie“? Machen viele. Sollte trotzdem niemand. 🙈

Wisch durch, hier sind 5 Gründe:

1. Es verstößt gegen die PayPal-Regeln. Das Konto kann eingeschränkt werden.
2. Du hast keinen Beleg dafür, dass dein Kunde deine Bedingungen kannte.
3. Private Eingänge für geschäftliche Leistungen: Chaos in der Buchhaltung.
4. Es wirkt nicht professionell.
5. Nicht jeder hat PayPal.

Der bessere Weg: Anzahlung per Link oder QR-Code, Bedingungen bestätigt, Geld automatisch auf deinem Konto.

Wie nimmst du Anzahlungen bisher an? Ehrliche Antworten in die Kommentare. 👇

#tattoostudio #anzahlung #tattoobusiness #tätowierer #tattoofin";"Karussell: Fünf Gründe gegen Anzahlungen über PayPal „Freunde“, illustriert mit Sprechblasen, einem Kontoauszug mit Verwendungszwecken wie „für dich ❤️“ und Zahlungsarten-Stickern. Letzte Folie: Anzahlung per Link.";"Umfrage-Story „Wie nimmst du Anzahlungen an?“ (story.jpg)"
"2026-10-22";"12:00";"Reel";"2026-10-22";"Anzahlung per QR-Code an der Theke, Bedingungen inklusive";"Produkt in Aktion";"Anzahlung an der Theke, ohne Kartenterminal und ohne Kleingeld. 📱

Dein Kunde scannt den QR-Code, liest deine Anzahlungsbedingungen, setzt den Haken und zahlt. Die Zustimmung wird mit Zeitpunkt gespeichert. Sagt jemand kurzfristig ab oder kommt nicht, hast du es schwarz auf weiß.

Kein „Davon wusste ich nichts“. Keine Diskussion.

Du brauchst noch Anzahlungsbedingungen für dein Studio? Kommentiere „ANZAHLUNG“ und wir schicken dir unser Muster per DM.

Link in Bio.

#tattoostudio #anzahlung #noshow #tattoobusiness #tattoofin";"Animiertes Video: Ein Handy scannt den QR-Code auf einem Thekenaufsteller. Auf der Zahlseite erscheinen 150 € Anzahlung und die Anzahlungsbedingungen, der Haken wird gesetzt, Meldung „Anzahlung bezahlt, Bedingungen bestätigt 14:32 Uhr“.";""
"2026-10-23";"18:00";"Slider";"2026-10-23_abend";"Kaufen oder Provision? Ehrliche Rechnung mit Grenze bei etwa 25.000 €";"Studio-Mathe";"Kaufen oder Provision? Wir rechnen ehrlich, auch wenn die Antwort oft „Provision“ heißt. 🧮

Provision: 10 % pro Zahlung, alles inklusive. Kein Risiko, keine Fixkosten, monatlich kündbar.
Kauf: einmalig 1.499 € netto, danach keine Provision. Die Gebühren des Zahlungsanbieters zahlst du direkt, bei Karte zum Beispiel ab 1,5 % + 0,25 €.

Die Grenze liegt bei etwa 25.000 € Zahlungsvolumen über Tattoofin. Darunter ist die Provision günstiger, darüber der Kauf.

Unser Rat: Starte mit Provision. Wenn es richtig gut läuft, sprechen wir über den Wechsel.

Rechne es für dein Studio aus: Der Rechner auf tattoofin.de zeigt es dir in zehn Sekunden (Link in Bio).

Beispielrechnung für ein regelbesteuertes Studio, Gebühren als Mittelwert aus Karte und Klarna.

#tattoostudio #tattoobusiness #selbstständig #studioinhaber #tattoofin";"Karussell: Vergleich Provisionsmodell (10 % pro Zahlung, alles inklusive) und Kauf (1.499 € netto einmalig). Die Grenze liegt bei etwa 25.000 € Zahlungsvolumen. Beispiel mit 3 Sleeves à 1.500 € im Monat, Empfehlung: mit Provision starten.";"Quiz-Story „Ab welchem Volumen lohnt sich der Kauf?“ (story.jpg)"
"2026-10-24";"12:00";"Reel";"2026-10-24";"3 Sätze, die du nie wieder sagen musst";"Studio-Alltag";"3 Sätze, die du nie wieder sagen musst. 🙅

1. „Bar oder Überweisung, was anderes geht nicht.“
2. „Hast du die Anzahlung schon überwiesen?“
3. „Ratenzahlung bieten wir leider nicht an.“

Ab jetzt: Link raus, Geld rein. Karte, Apple Pay, Google Pay oder Klarna, je nach Freigabe auch in Raten.*

Welchen Satz hast du diese Woche schon gesagt? 😅

Link in Bio.

*Ratenzahlung über externe Anbieter wie Klarna, nach deren Prüfung. Tattoofin ist kein Kreditgeber. Achtung! Kreditaufnahme kostet Geld.

#tattoostudio #studioalltag #tattoobusiness #tätowierer #tattoofin";"Animiertes Video: Drei typische Sätze aus dem Studioalltag erscheinen nacheinander und werden durchgestrichen. Danach groß: „Ab jetzt: Link raus. Geld rein.“ und die Meldung „Zahlung eingegangen“.";""
